epoch,lr,train_aug_loss,train_aug_macro_f1,val_loss,val_log_loss,val_accuracy,val_balanced_accuracy,val_macro_f1,improved,epoch_seconds
0,0.001,0.6456651775342114,0.7394698504833012,1.035666584968567,1.0600574344928186,0.5336322869955157,0.596384861896546,0.4853074325963825,True,7.167893834004644
1,0.000998458666866564,0.5695768108907736,0.7566517687333586,0.7611217498779297,0.7650823599879297,0.6883408071748879,0.7030434947437364,0.6597576325332876,True,6.887199250049889
2,0.0009938441702975688,0.5267823905315039,0.7974606582892001,0.6626036167144775,0.6725341466806173,0.7488789237668162,0.7270348511283241,0.7161824688998601,True,6.969383249990642
3,0.0009861849601988382,0.49943687510940266,0.8037956329884556,0.735820472240448,0.681085154374881,0.7399103139013453,0.6396529486779285,0.6423454970202936,False,6.772551333007868
4,0.0009755282581475767,0.4515679977974802,0.8317875795902926,0.7025575041770935,0.6240092884384707,0.7623318385650224,0.6848093056795715,0.7062624077732286,False,6.885156499978621
5,0.0009619397662556432,0.415928353228659,0.8442209651866815,0.7470582723617554,0.6383964497175696,0.7600896860986547,0.6913888102445718,0.7142353563600635,False,6.691152999992482
6,0.0009455032620941838,0.41470338173632354,0.8440206457043041,0.7304813265800476,0.6512769715688468,0.742152466367713,0.6368794257593614,0.6386372298448569,False,6.699085375003051
7,0.000926320082177046,0.4148650477517326,0.8476758350766153,0.8079022765159607,0.7133524362036086,0.7085201793721974,0.6830896166109705,0.6533622994349827,False,6.718299166997895
8,0.0009045084971874736,0.40014479390855107,0.8469319948979029,1.1567574739456177,0.9338188429790042,0.672645739910314,0.5346760943054255,0.5335755263509369,False,6.7923418339923956
9,0.0008802029828000154,0.37251618785678214,0.8543980070911089,0.9219661951065063,0.9190854653465286,0.6614349775784754,0.6981885188976245,0.6255991015680938,False,6.759099708986469
10,0.0008535533905932736,0.38068053429981447,0.8450606217403553,0.9841912984848022,0.9376124779941319,0.6838565022421524,0.713765336650107,0.6377999261720192,False,6.768058624991681
